Best Hit,Component RT,Base Peak MZ,CAS#,Library RI,Component RI,Match Factor,Compound Name,Formula,Library File,Component Area,Base Peak Area,Type,Comment
True,4.14786518302314,91,54024-22-5,2472,787.96482202603,63.0260917080565,Desogestrel,C22H30O,NIST17.L,2831253.46650706,65159.7563726561,Sample,72100530
True,4.15403232561024,91.0999984741211,148505-57-1,3027,788.279778812378,66.6022738857104,"9.alpha.-Fluoro-17.alpha.-methyl-4-androsten-3.alpha., 6.beta.,11.beta.,17.beta.-tetra-ol",C20H31FO4,NIST17.L,3299754.85967517,65159.7563726561,Sample,72100530
True,4.3305401689698,59,497-25-6,1164,797.294057682174,77.7670480113061,Oxazolidin-2-one,C3H5NO2,NIST17.L,80238.7018170902,49692.2488194131,Sample,72100530
True,4.49040178928779,86.0999984741211,5842-00-2,1120,805.458211742955,59.2191284149717,2-(Butylamino)ethanethiol,C6H15NS,NIST17.L,5578.46016461166,4468.63158642591,Sample,72100530
True,4.51915348202636,208,5292-45-5,1836,806.926564488029,57.3956949055827,"1,4-Benzenedicarboxylic acid, 2-nitro-, dimethyl ester",C10H9NO6,NIST17.L,6171.95889021853,4115.69001269513,Sample,72100530
True,4.69889048055201,207,1000399-10-0,2608,816.105756738595,67.4587942021741,"4,4'-bi-4H-pyran, 2,2',6,6'-tetrakis(1,1-dimethylethyl)-4,4'-dimethyl-",C28H46O2,NIST17.L,702177.614950273,582715.793344239,Sample,72100530
True,4.79963048396923,91,29743-33-7,1023,821.250562016722,76.9113281436573,"4,6-Octadiyn-3-one, 2-methyl-",C9H10O,NIST17.L,113296.303464696,57013.8370618252,Sample,72100530
True,4.80004824850549,106,1000338-12-3,1738,821.271897306759,54.0173525354658,"Benzenamine, 4-(1H-1,2,4-triazol-1-ylmethyl)-",C9H10N4,NIST17.L,33570.7903311665,28035.815830586,Sample,72100530
True,5.35619971496581,207,696-59-3,892,849.67462614361,55.9472007486866,"Furan, tetrahydro-2,5-dimethoxy-",C6H12O3,NIST17.L,139547.247354794,48216.65603833,Sample,72100530
True,5.51655227317788,102,39538-11-9,1308,857.863852467474,55.4926753469522,"4-Aminobutanoic acid, 2TMS derivative",C10H25NO2Si2,NIST17.L,4336.81143676194,1278.57123821255,Sample,72100530
True,5.54290418093128,91,108-38-3,866,859.209647876443,89.8227307659862,m-Xylene,C8H10,Tesla_Libary_2021_01_01.mslibrary.xml,177013.592910013,72577.9855316531,Sample,72100530
True,5.72807828417756,101.099998474121,696-59-3,892,868.66651378311,83.2093616631082,"Furan, tetrahydro-2,5-dimethoxy-",C6H12O3,NIST17.L,98320.3727524867,27052.6735642538,Sample,72100530
True,5.78824006179413,77.0999984741211,90357-58-7,928,871.738983710883,77.7831543007319,"Acetic acid, hydroxy-, propyl ester",C5H10O3,NIST17.L,9486.0293713291,7156.16182910141,Sample,72100530
True,5.83700706850252,102,112753-63-6,,874.229521183595,50.5283107578177,"1-Methoxy-3,3-diethyltriazene 2-oxide",C5H13N3O2,NIST20.L,145186.819428803,96576.141479635,Sample,72100530
True,5.90928592678888,103,100-47-0,985,877.920812021342,59.3483073598558,Benzonitrile,C7H5N,NIST17.L,683017.792108431,647237.950339541,Sample,72100530
True,5.90956456238685,104,100-42-5,893,877.935041978127,84.6049741685476,Styrene,C8H8,NIST17.L,4885705.68678297,1811350.61812494,Sample,72100530
True,6.11310410989832,207,1000331-48-4,1457,888.329833548736,57.505451766132,"Carbamic acid, N,N-dimethyl-, 4-isopropylphenyl ester",C12H17NO2,NIST17.L,20894.6791091235,13770.5315019228,Sample,72100530
True,6.30411615532058,108,5910-89-4,926,898.084843933282,77.2920729952557,"Pyrazine, 2,3-dimethyl-",C6H8N2,NIST17.L,30344.5134062162,13415.3774292205,Sample,72100530
True,6.45170260492299,70.0999984741211,288-94-8,,905.622103404574,62.4703639782693,1H-Tetrazole,CH2N4,NIST20.L,5049.07297134035,9864.26754779053,Sample,72100530
True,6.72707375663027,77,90357-58-7,928,919.685344487462,58.607445206121,"Acetic acid, hydroxy-, propyl ester",C5H10O3,NIST17.L,5412.57849181155,1877.67780806833,Sample,72100530
True,6.87798435455229,87.0999984741211,5131-66-8,945,927.392368652419,68.5547613609806,"2-Propanol, 1-butoxy-",C7H16O2,NIST17.L,48060.3441042749,10788.4787845459,Sample,72100530
True,6.87804405122736,87,108-21-4,649,927.395417369499,62.8604428122566,Isopropyl acetate,C5H10O2,NIST17.L,17439.9076744762,10788.4787845459,Sample,72100530
True,6.96125619724038,97,1000256-32-9,2402,931.645072655284,74.458851702045,2-Chloro-4-[[2-[1-pyrrolidinyl]ethyl]amino]quinazoline,C14H17ClN4,NIST17.L,121141.96429668,31986.4124687753,Sample,72100530
True,7.02317311634309,61.0999984741211,1000393-23-0,3187,934.807177890536,56.4222488928498,"Phenylphosphonic acid, 2,4,4-trimethylpentyl pentadecyl ester",C29H53O3P,NIST17.L,5136.86419910472,2222.70678533935,Sample,72100530
True,7.3093280028384,119,3457-61-2,1373,949.421145733137,71.535424045214,"Peroxide, 1,1-dimethylethyl 1-methyl-1-phenylethyl",C13H20O2,NIST17.L,425543.312931898,61401.1374581909,Sample,72100530
True,7.69374504087116,207,1000302-07-9,3085,969.053374631142,62.0185656868903,"Acetamide, N-[2,2,2-trichloro-1-(5-oxo-4-phenyl-5,6-dihydro-4H-[1,3,4]thiadiazin-2-ylamino)ethyl]-",C13H13Cl3N4O2S,NIST17.L,208015.527541013,86580.4076679684,Sample,72100530
True,8.04055130661381,103,1000306-14-0,,986.764816421455,65.370992915073,Dimethyltrifluorophosphorane,C2H6F3P,NIST20.L,9254.79623694157,3803.20237276082,Sample,72100530
True,8.2094347669652,97,80839-94-7,779,995.389717044157,73.5664155315559,"Aziridine, 1,-(1-butenyl)-, (Z)-",C6H11N,NIST17.L,108812.084381068,24293.2865610962,Sample,72100530
True,8.49117335592798,281,24030-13-5,2391,1009.77814398856,78.6760180960154,"2-Oxo-4-phenyl-6-(4-chlorophenyl)-1,2-dihydropyrimidine",C16H11ClN2O,NIST17.L,157938.322356694,86524.2658259786,Sample,72100530
True,8.75266674381083,73.0999984741211,4353-28-0,1594,1023.13264584025,67.5180645703322,Tetraethylene glycol diethyl ether,C12H26O5,NIST17.L,795666.541586693,125208.780957605,Sample,72100530
True,8.75315160011462,73,10512-86-4,1098,1023.15740751572,63.7763176028163,"L-Alanine, N-formyl-",C4H7NO3,NIST17.L,326287.680659963,125208.780957605,Sample,72100530
True,8.83082224074434,57,29956-99-8,1775,1027.12405738977,64.6921125063618,"Disulfide, bis(1,1,3,3-tetramethylbutyl)",C16H34S2,NIST17.L,70398.8311885765,24119.9856140942,Sample,72100530
True,8.95886318500112,69,1000136-85-4,1306,1033.66312532191,79.1872759028065,(3R)-(+)-3-Acetamidopyrrolidine,C6H12N2O,NIST17.L,172178.552860042,71909.9532803335,Sample,72100530
True,8.95891258133642,69.0999984741211,25012-55-9,540,1033.66564799927,76.6101615122559,"Aziridine, 1-methyl-2-methylene-",C4H7N,NIST17.L,192979.930290638,71909.9532803335,Sample,72100530
True,9.02542863417702,59,53219-21-9,1042,1037.06263160188,77.0275597005728,Dihydromyrcenol,C10H20O,Tesla_Libary_2021_01_01.mslibrary.xml,254875.421426773,116701.515203218,Sample,72100530
True,9.14567556745339,83,1000299-55-0,1787,1043.20365836397,51.1520116145704,2-Dimethyldodecylsilyloxybut-3-yne,C18H36OSi,NIST17.L,87823.1998191505,7932.91822424233,Sample,72100530
True,9.1493906586897,57.0999984741211,1000308-89-0,,1043.39338856402,55.5127548709739,"Phosphoric acid, diundecyl ethyl ester",C24H51O4P,NIST20.L,80043.0099017875,13431.1181496474,Sample,72100530
True,9.46154106228343,57,62108-31-0,1080,1059.33495089778,84.3468866184001,"Heptane, 4-ethyl-2,2,6,6-tetramethyl-",C13H28,NIST17.L,207904.523869308,75572.0357601626,Sample,72100530
True,9.5604035821913,98,3616-58-8,1417,1064.38387284514,61.5427063125818,Piperidinoacetal,C11H23NO2,NIST17.L,104840.86635226,17272.0419587891,Sample,72100530
True,9.56200059070746,57.0999984741211,1120-21-4,,1064.46543228096,79.5369218816136,Undecane                            P627,C11H24,PMW_TOX2.L,325954.125002971,59179.9343523691,Sample,72100530
True,9.5703601214702,57,13151-35-4,1057,1064.89235462096,82.5505038704837,"Decane, 5-methyl-",C11H24,NIST17.L,350722.935756855,81294.6756529412,Sample,72100530
True,9.67915530771892,57,1000309-20-2,1972,1070.44853915005,79.3604327841919,"Sulfurous acid, 2-ethylhexyl hexyl ester",C14H30O3S,NIST17.L,193089.573625251,62048.8307667519,Sample,72100530
True,9.76959987662401,56.0999984741211,10029-07-9,1313,1075.06755522804,54.0416408732552,"trans-1,4-Bis(aminomethyl)cyclohexane",C8H18N2,NIST17.L,78452.3172968963,21043.9457057713,Sample,72100530
True,9.8320677843093,57.0999984741211,4282-42-2,1342,1078.25779952297,81.0346289846149,"Nonane, 1-iodo-",C9H19I,NIST17.L,102485.589702692,47623.180578111,Sample,72100530
True,9.8863367523026,85,1000266-61-0,1338,1081.02932288508,70.4995718189566,"Octa-3,5-diene-2,7-dione, 4,5-dihydroxy-",C8H10O4,NIST17.L,53935.8904073735,50319.9094633981,Sample,72100530
True,9.91822594122423,57.0999984741211,62238-14-6,1121,1082.65790797456,79.9668421116815,"Decane, 2,3,8-trimethyl-",C13H28,NIST17.L,344013.916440454,42140.1622829249,Sample,72100530
True,9.99219804353985,57.0999984741211,1000273-02-0,,1086.43567300849,70.4491527422314,5H-Tetrazol-5-amine,CH3N5,NIST20.L,154457.085189725,86939.8523569068,Sample,72100530
True,10.0495056491364,119,321341-34-8,2854,1089.36237999428,54.615990290748,"Benzhydrazide, 3-methyl-N2-[1-methyl-2-(5-methyl-3-nitro-1-pyrazolyl)ethylideno]-",C15H17N5O3,NIST17.L,4813.65431005907,21669.5602141268,Sample,72100530
True,10.06882005647,104,3558-60-9,1086,1090.34876932745,58.4537952396329,"Benzene, (2-methoxyethyl)-",C9H12O,NIST20.L,54450.8790162474,10698.8465538939,Sample,72100530
True,10.1505527760676,57.0999984741211,6291-84-5,860,1094.52287011083,67.667031313545,"1,3-Propanediamine, N-methyl-",C4H12N2,NIST17.L,390992.721778544,70671.1055922846,Sample,72100530
True,10.1509677293118,71,16747-30-1,809,1094.54406182781,75.5799883923502,"Hexane, 2,4,4-trimethyl-",C9H20,NIST17.L,308836.870775224,97300.2231846667,Sample,72100530
True,10.1637632893704,71.0999984741211,50406-54-7,,1095.19753276977,58.5398645891299,"1,2,3-Thiadiazole, 5-methyl-",C3H4N2S,NIST20.L,271373.047035829,97300.2231846667,Sample,72100530
True,10.1907055564918,111,1571-11-5,1134,1096.57347790962,58.6980851102042,Triallylhydrazine,C9H16N2,NIST17.L,321597.573413123,14072.6783572997,Sample,72100530
True,10.1915019756558,111.099998474121,951-77-9,2197,1096.6141511415,56.705625750753,Deoxycytidine,C9H13N3O4,NIST17.L,279192.622306276,14072.6783572997,Sample,72100530
True,10.3120875136028,70,2980-69-0,1160,1102.77247048884,64.227284335256,"Undecane, 4-methyl-",C12H26,NIST17.L,192276.126458452,45246.7811593772,Sample,72100530
True,10.3898560682158,70,19699-38-8,983,1106.74412084295,78.277843922086,Diisopropylaminoacetonitrile,C8H16N2,NIST17.L,58229.4135922999,50065.8012995338,Sample,72100530
True,10.409244881773,71,17302-27-1,1108,1107.73431011179,76.0448776607479,"2,5-Dimethylnonane",C11H24,Tesla_Libary_2021_01_01.mslibrary.xml,636092.273633826,112566.961452651,Sample,72100530
True,10.4133006615938,71,637-64-9,1098,1107.94143932283,59.6656315063152,"2-Furanmethanol, tetrahydro-, acetate",C7H12O3,NIST17.L,214195.261205294,112566.961452651,Sample,72100530
True,10.4580515004325,71.0999984741211,1339757-02-6,1206,1110.22687057207,68.9877108661998,"Cyclobutylamine, N-(2-methylpropionyl)-",C8H15NO,NIST17.L,112111.990805213,42961.1137836836,Sample,72100530
True,10.4583197936871,85,68-95-1,1366,1110.24057234401,77.1547197195459,"L-Proline, 1-acetyl-",C7H11NO3,NIST17.L,61534.936844381,21094.3916095087,Sample,72100530
True,10.7244842401443,140,1000329-35-8,1666,1123.83362577395,64.3459355384269,"Alanine, N-methyl-n-propargyloxycarbonyl-, isohexyl ester",C14H23NO4,NIST17.L,271631.690624328,89395.1913634188,Sample,72100530
True,10.7329586541826,57,56292-66-1,1384,1124.26641521801,86.2263090094239,"Tridecane, 2,5-dimethyl-",C15H32,NIST17.L,1616803.61205581,376781.616955781,Sample,72100530
True,10.9202909846363,57.0999984741211,92772-63-9,1669,1133.83350207317,71.8699597859365,"(+-)-cis-3,4-Dimethyl-2-phenyltetrahydro-1,4-thiazine",C12H17NS,NIST17.L,337983.643107501,116950.321255866,Sample,72100530
True,11.017830801447,155,78-40-0,1137,1138.81487339869,90.3980987806456,Triethyl phosphate,C6H15O4P,Tesla_Libary_2021_01_01.mslibrary.xml,536455.915009839,122382.686006967,Sample,72100530
True,11.0943137745233,57.0999984741211,58661-97-5,1185,1142.72086893395,73.570003030795,"4H-1,2,4-Triazol-3-amine, 4-propyl-",C5H10N4,NIST17.L,134852.887996487,57572.3775453577,Sample,72100530
True,11.1446628383338,57.0999984741211,17312-50-4,1112,1145.29220227179,69.0917545872083,"Decane, 2,5-dimethyl-",C12H26,NIST17.L,262355.378620713,61912.6705050929,Sample,72100530
True,11.1995310794156,98.0999984741211,1728-46-7,1141,1148.09433058967,72.1124685779271,2-tert-Butylcyclohexanone,C10H18O,Tesla_Libary_2021_01_01.mslibrary.xml,414489.053402476,136510.619929457,Sample,72100530
True,11.2176874102048,69,631-57-2,701,1149.02157680078,78.3012225996573,Acetyl cyanide,C3H3NO,NIST17.L,28206.6693944215,17703.8312778322,Sample,72100530
True,11.3669203491373,71.0999984741211,6975-98-0,1064,1156.6429226996,81.9168899722889,"Decane, 2-methyl-",C11H24,NIST17.L,471164.893673862,85544.055558252,Sample,72100530
True,11.4507040300997,112,3530-15-2,1075,1160.92176635072,76.2673520139254,"4-Amino-3,5-dimethyl-1,2,4-triazole",C4H8N4,NIST17.L,115753.733933551,50428.5208044321,Sample,72100530
True,11.4778732976683,92.0999984741211,698-87-3,1155,1162.3093044334,70.005319203437,"Benzeneethanol, .alpha.-methyl-",C9H12O,NIST17.L,279840.894015646,143201.7012301,Sample,72100530
True,11.4835730067193,92,100-86-7,1159,1162.60038932733,62.0794968322711,"Benzeneethanol, .alpha.,.alpha.-dimethyl-",C10H14O,NIST20.L,569710.641764377,143201.7012301,Sample,72100530
True,11.485066031407,207,1000283-56-8,2442,1162.67663829529,62.9529884490854,"4-Methyl-2,4-bis(p-hydroxyphenyl)pent-1-ene, 2TMS derivative",C24H36O2Si2,NIST17.L,161181.215816051,47664.7800578615,Sample,72100530
True,11.5138945952246,71.0999984741211,54166-32-4,966,1164.14891685653,74.1082681411879,"Octane, 2,6,6-trimethyl-",C11H24,NIST17.L,499314.093479464,164860.122071801,Sample,72100530
True,11.740511803399,82.0999984741211,13491-79-7,1182,1175.7222876048,71.7637432134374,2-tert-Butylcyclohexanol,C10H20O,Tesla_Libary_2021_01_01.mslibrary.xml,471786.433429217,137630.389745804,Sample,72100530
True,11.8395421912916,82.0999984741211,13491-79-7,1182,1180.77978259232,84.5712101013045,2-tert-Butylcyclohexanol,C10H20O,Tesla_Libary_2021_01_01.mslibrary.xml,487888.703438823,116013.808597455,Sample,72100530
True,11.9380679561408,86,38691-24-6,961,1185.81150641436,61.0501184515795,Diisopropyl-cyano-phosphine,C7H14NP,NIST17.L,91732.7335787269,26520.7026706004,Sample,72100530
True,12.0561187233049,116,3934-87-0,1612,1191.84037468308,64.387602135982,"3,4-Dihydroxy-5-methoxybenzaldehyde",C8H8O4,NIST17.L,11896.8877781505,6934.11039675181,Sample,72100530
True,12.1102565183089,133,16584-00-2,1156,1194.60519902331,80.3459330206435,"2H-Benzotriazole, 2-methyl-",C7H7N3,NIST17.L,101383.294818432,81533.4955753043,Sample,72100530
True,12.1828262801839,71.0999984741211,32497-10-2,976,1198.31134634574,65.1826733406763,"2(3H)-Thiazolone, 4-methyl-",C4H5NOS,NIST17.L,81239.6126324797,70287.9148271211,Sample,72100530
True,12.1903719660155,69,372-31-6,776,1198.69670551764,64.6566787118285,"Butanoic acid, 4,4,4-trifluoro-3-oxo-, ethyl ester",C6H7F3O3,NIST17.L,204652.871598415,33041.4488941757,Sample,72100530
True,12.2126500719336,57,339335-95-4,1310,1199.8344513289,63.3422149912745,"Ethyl 3,3,3-trifluoro-2-propionamidolactate",C8H12F3NO4,NIST17.L,53103.9651820511,37574.4943511487,Sample,72100530
True,12.2819114072902,95,3194-15-8,1011,1204.30643101161,58.7732611684563,"1-Propanone, 1-(2-furanyl)-",C7H8O2,NIST17.L,9116.54581269685,10096.6860864258,Sample,72100530
True,12.4490504509668,85.0999984741211,18641-74-2,1109,1215.20881799681,63.7555297424269,"Methylamine, N-(1-ethylhexylidene)-",C9H19N,NIST17.L,98091.6243826773,33418.6257197457,Sample,72100530
True,12.4539983583134,57.0999984741211,27388-03-0,937,1215.53156724482,79.5653174790972,Methyldicyanophosphine,C3H3N2P,NIST17.L,266612.719556949,115527.254902566,Sample,72100530
True,12.4731084460475,56,97-86-9,960,1216.77810765342,71.7086091160352,"2-Propenoic acid, 2-methyl-, 2-methylpropyl ester",C8H14O2,NIST17.L,36526.6811183293,28711.9518456111,Sample,72100530
True,12.497066149357,164,14779-16-9,1260,1218.34085533351,56.4979303327513,"2(3H)-Benzothiazolimine, 3-methyl-",C8H8N2S,NIST17.L,48545.9753090094,20990.1005959774,Sample,72100530
True,12.5641935723751,75,101-48-4,1222,1222.71953985247,58.9094026256286,"Benzene, (2,2-dimethoxyethyl)-",C10H14O2,NIST20.L,48166.6808326412,31968.6174529771,Sample,72100530
True,12.5842317920639,127,932-53-6,1381,1224.02662179298,59.0581274487446,6-Azathymine,C4H5N3O2,NIST17.L,25888.4430387548,6894.40723642105,Sample,72100530
True,12.6607886608113,135,1000330-77-7,2890,1229.02038381948,65.3250002404033,"1,3-Benzenediol, o-(4-methylbenzoyl)-o'-(2-methoxybenzoyl)-",C22H18O5,NIST17.L,160019.215365389,122681.351209243,Sample,72100530
True,12.7698808982397,112,38150-49-1,1429,1236.13640987398,69.5966488179821,dl-2-(3-Thienyl)glycine,C6H7NO2S,NIST17.L,151041.157051378,72146.0223927773,Sample,72100530
True,12.7801259075597,139,1074-97-1,1632,1236.80468614155,60.5405556752177,"4,6-Dihydroxypyrimidine, 5-aminocarbonyl-",C5H5N3O3,NIST17.L,293278.373961712,34091.61417572,Sample,72100530
True,12.8747684524305,86.0999984741211,1000330-98-7,1331,1242.97816677628,68.5703705983123,"Valeric acid, 2-diethylaminoethyl ester",C11H23NO2,NIST17.L,82362.2322728213,59978.3655740962,Sample,72100530
True,13.0248035883306,94,1686-20-0,1167,1252.76487535722,56.1245244837253,"p-Mentha-1,5-dien-8-ol",C10H16O,NIST17.L,133218.444927049,108542.503607361,Sample,72100530
True,13.1793325355509,71.0999984741211,57983-11-6,1289,1262.84471275459,70.4823659987495,"L-Alanine, N-(trifluoroacetyl)-, 1-methylbutyl ester",C10H16F3NO3,NIST17.L,47997.3526677691,27236.2988040131,Sample,72100530
True,13.4464249600767,58.0999984741211,35023-27-9,1453,1280.2670032556,71.2235713348524,2-Acetamido-N-methylbutyramide,C7H14N2O2,NIST17.L,296219.671058207,106918.039222956,Sample,72100530
True,13.4498004716583,88,1000420-26-9,1103,1280.48718600121,50.7030748700599,"Carbonic acid, monoamide, N-3-methylbutyl-, methyl ester",C7H15NO2,NIST17.L,642116.679086557,357282.06843194,Sample,72100530
True,13.4512177420924,135,5306-85-4,1280,1280.57963376444,65.2443162450499,"1,4:3,6-Dianhydro-2,5-di-O-methyl-D-glucitol",C8H14O4,Tesla_Libary_2021_01_01.mslibrary.xml,1554049.0372441,346322.946224106,Sample,72100530
True,13.4602891034834,99.0999984741211,140650-87-9,1646,1281.17135362948,59.6867008143979,"1-Oxaspiro[4,5]decane 4-carbonitrile, 2-oxo-",C10H13NO2,NIST17.L,119717.270390727,39685.0033200196,Sample,72100530
True,13.4774258850712,83.0999984741211,1000298-90-8,777,1282.28917637419,62.0054338684594,But-3-en-1-ynyl methyl sulfide,C5H6S,NIST17.L,248792.191404049,63471.8975266887,Sample,72100530
True,13.4781232013808,83,100463-00-1,844,1282.33466192976,65.1682744601964,"6-Methyl-1,5-diazabicyclo[3.1.0]hexane",C5H10N2,NIST17.L,211375.093413011,63471.8975266887,Sample,72100530
True,13.5232016016085,91,40123-48-6,2111,1285.27510093877,67.7750663621621,2-Cyanophenyl .beta.-phenylpropionate,C16H13NO2,NIST17.L,254425.026334317,103730.344738239,Sample,72100530
True,13.5254955840062,148,2550-26-7,1232,1285.42473613643,81.8456022363667,"2-Butanone, 4-phenyl-",C10H12O,NIST17.L,520307.103042546,122001.156204632,Sample,72100530
True,13.6605382793923,114,1000187-71-5,1331,1294.23349614987,73.6983192035853,"2-(1-Hydroxy-1-methylethyl)pyrrolidine-1-carboxylic acid, methyl ester",C9H17NO3,NIST17.L,32702.0837367133,17397.9133084715,Sample,72100530
True,13.7188886993393,112,866-29-5,1305,1298.03966163351,63.6690274549857,2-Cyano-2-isopropyl-3-methylbutanoic acid,C9H15NO2,NIST20.L,12215.2135825258,9726.83258094582,Sample,72100530
True,13.800993970408,122,75-26-3,579,1303.3953428617,54.6670340491584,"Propane, 2-bromo-",C3H7Br,NIST17.L,159023.966143667,54920.8233503389,Sample,72100530
True,13.8013706623408,107,1000327-15-7,1714,1303.41991426725,66.2975045444117,4-(2-Ethylhexoxy)ethylbenzene,C16H26O,NIST17.L,283424.409081693,85894.0570823663,Sample,72100530
True,13.8626704316058,148,51920-74-2,1768,1307.41846416875,58.8674535269406,"4-Methoxyamphetamine, N-acetyl",C12H17NO2,NIST17.L,288573.881521675,29396.4351131872,Sample,72100530
True,13.8628580829919,85.0999984741211,108-12-3,758,1307.43070456444,52.6003683625983,"Butanoyl chloride, 3-methyl-",C5H9ClO,NIST17.L,111273.532251455,38229.1706700418,Sample,72100530
True,14.1670262474274,132,29668-87-9,1783,1327.27142498684,53.1699892256053,"2-Azetidinone, 1-tert-butyl-3,3-dimethyl-4-phenyl-",C15H21NO,NIST17.L,34829.3426952585,10301.2547753905,Sample,72100530
True,14.2200771375078,112,3612-18-8,1103,1330.73190508079,63.3498680920878,1-Ethyl-4-piperidone,C7H13NO,NIST17.L,125370.201837898,47674.5210290596,Sample,72100530
True,14.362466504076,135,2631-37-0,,1340.01988437489,65.4588658816212,Promecarb                           P902,C12H17NO2,PMW_TOX2.L,15589.0837517485,49744.2268885499,Sample,72100530
True,14.4478969309608,133,38404-42-1,1355,1345.59246367008,63.1140857441247,"Benzoic acid, 3,4-dimethyl-, methyl ester",C10H12O2,NIST20.L,33446.8393164385,13829.8761093444,Sample,72100530
True,14.5765917441412,103,102-76-1,1354,1353.98715485303,87.8120666619908,Triacetin,C9H14O6,Tesla_Libary_2021_01_01.mslibrary.xml,463331.177847418,168080.906553729,Sample,72100530
True,14.6009794645401,113,105643-80-9,1041,1355.57795230902,63.5074975213818,2-(Allylthio)acetonitrile,C5H7NS,NIST17.L,47934.2104162418,12881.3351954644,Sample,72100530
True,14.6535122107498,71,69277-36-7,1763,1359.00463416608,50.0520752678747,1-[Bromo(chloro)methyl]-4-nitrobenzene,C7H5BrClNO2,NIST17.L,79576.9641234783,13813.4208256292,Sample,72100530
True,14.6990679679985,116,1000151-94-0,,1361.97621090844,59.6101593119015,"l-Ascorbic acid, 5,6-O-ethylboranediyl-",C8H11BO6,NIST20.L,16627.0060037737,13975.2237536644,Sample,72100530
True,14.7496637334951,163,2078-54-8,1364,1365.27654458944,71.0488364554528,Propofol,C12H18O,Tesla_Libary_2021_01_01.mslibrary.xml,1217452.62820725,207312.440442158,Sample,72100530
True,14.7585356714808,163,1000115-36-0,1556,1365.85525617652,62.7615604531667,"Phenol, 2,5-bis(1-methylethyl)-, acetate",C14H20O2,NIST17.L,309786.454788864,207312.440442158,Sample,72100530
True,14.8465853120588,97.0999984741211,72579-00-1,1407,1371.59868532612,61.6710350631841,"4H-Pyrano[3,4-d]thiazol-4-one, 6,7-dihydro-",C6H5NO2S,NIST17.L,91171.9224025623,20967.9387301852,Sample,72100530
True,14.8467850385432,97,41862-09-3,1518,1371.61171337376,60.1689190976172,"6-Amino-1-ethyl-3H-pyrimidine-2,4-dione",C6H9N3O2,NIST17.L,58941.1310838077,20967.9387301852,Sample,72100530
True,14.9620162666347,89.0999984741211,77-68-9,1374,1379.12818237944,68.6687814370158,"Propanoic acid, 2-methyl-, 3-hydroxy-2,2,4-trimethylpentyl ester",C12H24O3,NIST20.L,165737.992746436,49705.8039492678,Sample,72100530
True,14.9911200657614,69,31089-90-4,1378,1381.02660703139,53.8168864720885,.alpha.-damascone,C13H20O,Tesla_Libary_2021_01_01.mslibrary.xml,207114.47753159,57113.7274068675,Sample,72100530
True,15.096512625465,163,686-07-7,1357,1387.9013051628,66.9953988461187,"Carbamodithioic acid, diethyl-, methyl ester",C6H13NS2,NIST17.L,62816.9372271097,34866.8604057604,Sample,72100530
True,15.2064939752418,123,1000340-31-8,1457,1395.07532752194,56.0099128757169,"Benzamide, 4-fluoro-N-allyl-",C10H10FNO,NIST17.L,116416.433378797,38381.6603737793,Sample,72100530
True,15.2490349390152,164,1000244-73-9,1558,1397.8502509604,64.099185534665,"3,6-Dimethyloxazolo(5,4-c)pyridazin-4-amine",C7H8N4O,NIST17.L,19954.5119576561,16118.1425983427,Sample,72100530
True,15.3249305819769,135,1000321-82-1,2293,1403.25912070666,54.3947865818726,".beta.-Alanine, N-(4-methoxybenzoyl)-, propyl ester",C14H19NO4,NIST17.L,43807.9659032963,19348.9241359251,Sample,72100530
True,15.3262646517264,82,28177-48-2,851,1403.36037837265,59.0361718607247,"2,6-Difluorophenol",C6H4F2O,NIST17.L,30599.8317960201,13541.0723276425,Sample,72100530
True,15.330213223616,96.0999984741211,7098-07-9,814,1403.66008022386,70.2160287907179,"1H-Imidazole, 1-ethyl-",C5H8N2,NIST17.L,173832.613787691,37184.1500281979,Sample,72100530
True,15.4570322132034,112,812-13-5,,1413.28580998381,58.8755110125337,"Phosphonothioamidodifluoridate, N,N-dimethyl-",C2H6F2NPS,NIST20.L,76812.0693742423,35816.2277791945,Sample,72100530
True,15.4723522008009,126,1000337-72-9,1294,1414.44861739159,68.836165169736,"2-Thiophenecarboxylic acid, 5-amino-, methyl ester",C6H7NO2S,NIST17.L,14024.6551263823,2285.39837469979,Sample,72100530
True,15.5337772271428,81,74753-00-7,807,1419.11085848016,56.3729697798021,"1,4-Hexadiene, 3,3,5-trimethyl-",C9H16,NIST17.L,770035.020692572,18360.3293963457,Sample,72100530
True,15.5338928427678,109.099998474121,126-86-3,1407,1419.11963385967,85.1495327280007,"2,4,7,9-Tetramethyl-5-decyn-4,7-diol",C14H26O2,NIST17.L,1191518.05626016,272703.374768379,Sample,72100530
True,15.7354739592245,105,1000499-05-1,1424,1434.41990835353,71.5110336948249,"2,4,6-Trimethyl-4-phenyl-1,3-dioxane (isomer 2)",C13H18O2,NIST20.L,255989.590044479,72687.734901497,Sample,72100530
True,15.8876643117514,147,1200-09-5,1397,1445.9713582607,61.1822969266168,"Phenol, 4-(3-methyl-2-butenyl)-",C11H14O,NIST17.L,264752.283075071,71420.891718598,Sample,72100530
True,16.0629648778633,81,758-18-9,215,1459.27690407565,72.9755898407521,"Ethanamine, N,N-difluoro-",C2H5F2N,NIST17.L,180763.890889167,124261.16873659,Sample,72100530
True,16.0674381785794,79,529-16-8,887,1459.61643354176,62.8142078995244,"Bicyclo[2.2.1]hept-2-ene, 2,3-dimethyl-",C9H14,NIST17.L,106936.259463504,13319.4475264049,Sample,72100530
True,16.1012835363775,163,1000388-41-8,2122,1462.18534115452,62.0869725351711,"1H,4H,5H,6H,7H,8H-Cyclohepta[c]pyrazole-3-carbohydrazide",C9H14N4O,NIST17.L,22094.0275114877,18722.1610156249,Sample,72100530
True,16.1692579082375,81.0999984741211,769-82-4,1455,1467.34468626724,67.8999197389635,"4-Pyrimidinamine, 5-(methoxymethyl)-2-methyl-",C7H11N3O,NIST17.L,50726.5531019593,27787.0305421015,Sample,72100530
True,16.2142798028334,179,1000282-21-3,1738,1470.76190786844,60.9117171088624,1-Cyclohexyldimethylsilyloxy-2-phenylethane,C16H26OSi,NIST17.L,279913.638842696,120257.576562256,Sample,72100530
True,16.3151182602625,165,10396-80-2,1471,1478.41568072833,89.0548886301192,"2,6-Di-tert-butyl-4-hydroxy-4-methyl-2,5-cyclohexadien-1-one",C15H24O2,Tesla_Libary_2021_01_01.mslibrary.xml,1674494.07151611,260461.652242333,Sample,72100530
True,16.3232448915712,121,35044-59-8,1434,1479.03250283905,54.9628068037845,"1,3-Cyclohexadiene-1-carboxylic acid, 2,6,6-trimethyl-, ethyl ester",C12H18O2,NIST17.L,186550.513113931,15791.989370938,Sample,72100530
True,16.4552283129142,146,54-16-0,1940,1489.05021982903,58.3759231108949,"1H-Indole-3-acetic acid, 5-hydroxy-",C10H9NO3,NIST17.L,87797.8765301137,57245.1495876304,Sample,72100530
True,16.4609378706869,135,528-79-0,1355,1489.48358284783,60.0793050858297,"Phenol, 5-methyl-2-(1-methylethyl)-, acetate",C12H16O2,NIST17.L,286112.932637282,65802.2343808887,Sample,72100530
True,16.4662827239494,135,3245-25-8,1365,1489.88926430988,70.7679228497334,"2-tert-Butylphenol, acetate",C12H16O2,NIST17.L,701042.194450785,65802.2343808887,Sample,72100530
True,16.471877936167,164,1000188-70-7,1350,1490.31394834917,69.2504503508777,"2,3,3a,4,5,6,7,7a-Octahydro-1H-cyclopenta[a]pentalen-7-ol",C11H16O,NIST17.L,1310402.23786809,95596.5738765965,Sample,72100530
True,16.4786975633712,95.0999984741211,276880-65-0,2029,1490.8315671123,63.1867326265427,"Propenone, 1-(4-fluorophenyl)-3-(2-pyridylthio)-",C14H10FNOS,NIST17.L,76719.3418151118,19063.0390180477,Sample,72100530
True,16.4787836044012,95,62702-89-0,1104,1490.83809774076,61.9796275202012,"Bicyclo[3.2.1]oct-3-en-2-one, 4-methyl-",C9H12O,NIST17.L,63524.1394519404,19063.0390180477,Sample,72100530
True,16.5613288990008,162,1000409-94-4,2554,1497.10339524357,52.1702049498806,"4-[3-(3-Methylthiophen-2-yl)-[1,2,4]triazolo[3,4-b][1,3,4]thiadiazol-6-yl]pyridine",C13H9N5S2,NIST17.L,17888.0312792653,8285.27532945855,Sample,72100530
True,16.6037049512086,71,1000323-49-5,,1500.31979389312,56.233276068238,"Butylphosphonic acid, isobutyl 3-(2-methoxyethyl)nonyl ester",C20H43O4P,NIST20.L,99589.7986410179,21408.647168124,Sample,72100530
True,16.6349677590554,147,123739-89-9,2655,1502.69268253424,53.3603273759806,"Uracil, 1,3,6-trimethyl-5-(3-methyl-1H-indol-2-yl)-",C16H17N3O2,NIST17.L,24866.1722815275,18196.6187981516,Sample,72100530
True,16.6359211937923,281,107-50-6,1502,1502.7650494972,71.4332303917999,"Cycloheptasiloxane, tetradecamethyl-",C14H42O7Si7,Tesla_Libary_2021_01_01.mslibrary.xml,200773.178805874,13837.6769755847,Sample,72100530
True,16.6752394539609,116,,1497,1505.74935766939,86.3974554374434,GC_BPMZ_116_RI_1497,,Tesla_Libary_2021_01_01.mslibrary.xml,633290.713207609,120973.993506422,Sample,72100530
True,16.6863806434987,144,1000329-50-2,1683,1506.59498875385,70.2887192605304,"l-Norleucine, N-methoxycarbonyl-, butyl ester",C12H23NO4,NIST17.L,64423.257728008,59835.9943706068,Sample,72100530
True,16.7214182638483,175,3209-79-8,1379,1509.25439067792,68.442425775611,"2,2'-Ethylidenebis(5-methylfuran)",C12H14O2,NIST17.L,492435.930265023,214069.037409541,Sample,72100530
True,16.762349642591,191,33704-61-9,1513,1512.36113669255,75.6048458566074,Cashmeran,C14H22O,Tesla_Libary_2021_01_01.mslibrary.xml,669134.2943297,86727.4391728123,Sample,72100530
True,16.7689991553319,191,1000323-87-5,1914,1512.86584354195,54.5724078585093,"Terephthalic acid, 2-methoxyethyl propyl ester",C14H18O5,NIST17.L,176553.021172151,86727.4391728123,Sample,72100530
True,16.791000503353,121,878-00-2,1362,1514.53577508055,79.7451408364002,4-Acetoxybenzaldehyde,C9H8O3,NIST17.L,500929.290183885,149867.38627581,Sample,72100530
True,16.8175486766458,161,30412-47-6,3183,1516.5508166967,60.0294699310903,"2-Amino-4-hydroxy-6-[2-[3,4-dichloroanilino]ethyl]ptenidine",C14H12Cl2N6O,NIST17.L,118369.540327861,16787.0503533362,Sample,72100530
True,16.8374708276654,191,1000164-44-5,2369,1518.06293442115,65.461519715418,"Pentanedioic acid, (2,4-di-t-butylphenyl) mono-ester",C19H28O4,NIST17.L,182309.103299077,112978.184865706,Sample,72100530
True,16.8427513163935,135,26963-43-9,1781,1518.46373052955,63.2017191405667,2-Amino-4-methyl-6-(2-thienyl)pyrimidine,C9H9N3S,NIST17.L,268716.22191002,53759.6510439956,Sample,72100530
True,16.8824452615113,205,1918-11-2,,1521.47655368839,76.6324708026047,"Phenol, 2,6-bis(1,1-dimethylethyl)-4-methyl-, methylcarbamate",C17H25NO2,NIST17.L,218732.606303747,94573.1916704402,Sample,72100530
True,16.9237232881544,99.0999984741211,,1515,1524.6096107391,86.0900043281999,GC_BPMZ_99_RI_1515,,Tesla_Libary_2021_01_01.mslibrary.xml,494123.508714526,271808.328609398,Sample,72100530
True,16.9301323918979,112,1000350-09-5,2635,1525.09607022628,53.7732367680965,"1-Pyridineacetamide, hexahydro-3-methyl-N-(4-methyl-2,1,3-benzothiadiazol-5-yl)-",C15H20N4OS,NIST17.L,66648.172542787,27072.8570315634,Sample,72100530
True,17.0267246745477,118,496-12-8,1192,1532.42755278034,56.0674339129419,"1H-Isoindole, 2,3-dihydro-",C8H9N,NIST17.L,53116.9304139732,31361.7928211189,Sample,72100530
True,17.0323633384852,127.099998474121,5465-29-2,1560,1532.85553486288,59.7505365513468,"1H-Benzimidazole, 2-propyl-",C10H12N2,NIST17.L,400627.813120805,8962.39481353236,Sample,72100530
True,17.0329494330298,143,,1524,1532.90002021731,85.7682974026004,GC_BPMZ_116_RI_1524,,Tesla_Libary_2021_01_01.mslibrary.xml,796589.451528996,169410.52095706,Sample,72100530
True,17.1848038629911,190,1000337-36-6,1930,1544.42597315555,57.8420067538442,"1H-1,2,4-Triazol-5-amine, 3-(4-methoxyphenyl)-",C9H10N4O,NIST17.L,297402.913509417,24145.4404142384,Sample,72100530
True,17.3352333111696,66.0999984741211,1821-12-1,1448,1555.84376808372,61.4104725548788,Benzenebutanoic acid,C10H12O2,NIST17.L,625635.361088536,63422.2571829411,Sample,72100530
True,17.3361969449536,79,103-25-3,1279,1555.91690916788,64.5878053003864,"Benzenepropanoic acid, methyl ester",C10H12O2,NIST17.L,258382.162926237,18894.1491183113,Sample,72100530
True,17.4316788106955,153,2437-62-9,1890,1563.1641096037,72.285293395384,Phlorobutyrophenone,C10H12O4,NIST17.L,317025.776685012,135663.820081386,Sample,72100530
True,17.443143665112,138.100006103516,1000192-14-9,1796,1564.03430728238,55.9730888773087,3-(2-t-Butoxyethyl)decahydroisoquinoline,C15H29NO,NIST17.L,48137.245000359,21618.2086169434,Sample,72100530
True,17.5312447320921,167,3934-87-0,1612,1570.72129528846,59.6149128093806,"3,4-Dihydroxy-5-methoxybenzaldehyde",C8H8O4,NIST17.L,250463.924781371,78035.7524943542,Sample,72100530
True,17.5449488600804,147,55138-69-7,1197,1571.76145680559,57.9007474701493,"Pyrazine, 2,5-dimethyl-3-(2-propenyl)-",C9H12N2,NIST17.L,152140.308940845,46595.0600666505,Sample,72100530
True,17.5508241422883,119,10410-23-8,1820,1572.20739852915,58.5728954999501,4-(6-Methoxy-3-methyl-2-benzofuranyl)-2-butanone,C14H16O3,NIST17.L,105186.299470094,36304.7311539531,Sample,72100530
True,17.5783529503078,207,1000283-56-8,2442,1574.29687162362,87.1720099455419,"4-Methyl-2,4-bis(p-hydroxyphenyl)pent-1-ene, 2TMS derivative",C24H36O2Si2,NIST17.L,412048.029600926,351766.659561766,Sample,72100530
True,17.5885043286453,149,1000382-61-6,3186,1575.06737472323,52.5583727864105,"Phthalic acid, 3-chloro-2-nitrobenzyl hexyl ester",C21H22ClNO6,NIST17.L,33465.6262309351,23723.1701135252,Sample,72100530
True,17.754522624849,119,134-62-3,1592.11827495231,1587.66838392275,77.4651892847429,Diethyltoluamide,C12H17NO,Tesla_Libary_2021_01_01.mslibrary.xml,326267.064334283,108224.775194293,Sample,72100530
True,17.8193022313423,83.0999984741211,28017-62-1,1043,1592.58524210061,62.7482660047713,4-Ethyl-2-hydroxycyclopent-2-en-1-one,C7H10O2,NIST17.L,108675.615422573,16889.2125987299,Sample,72100530
True,17.9099183072765,57,629-92-5,,1599.46312262693,89.0573557576577,Nonadecane                         P1286,C19H40,PMW_TOX2.L,535464.186798301,100743.607640902,Sample,72100530
True,17.910150313786,57.0999984741211,544-76-3,,1599.48073222917,88.0251012040173,Hexadecane                         P1024,C16H34,PMW_TOX2.L,554602.020586445,101836.554026456,Sample,72100530
True,17.9530814996224,87,1000340-38-0,1259,1603.06618000452,54.9469624248306,"3-Cyclopentylpropionamide, N,N-dimethyl-",C10H19NO,NIST17.L,270524.636504723,71445.0989051465,Sample,72100530
True,17.9545720663301,100,39711-79-0,1636,1603.19281804799,67.9830737794708,"Cyclohexanecarboxamide, N-ethyl-5-methyl-2-(1-methylethyl)-",C13H25NO,NIST17.L,645870.214677375,125970.768141982,Sample,72100530
True,17.9558700769567,168,1000464-59-2,1541,1603.30309659192,51.1729942335734,"Cyclopropanecarboxamide, N-(2-pentyl)-N-butyl-",C13H25NO,NIST17.L,253850.415816119,53362.5547918609,Sample,72100530
True,18.0010641696955,177,1000343-94-4,1878,1607.1427714291,66.7868513153054,"Isophthalic acid, ethyl 2-methylprop-2-en-1-yl ester",C14H16O4,NIST17.L,111435.36377671,74235.2697953114,Sample,72100530
True,18.0673355021293,181,615-22-5,1607,1612.77316142372,88.203487011456,2-(Methylthio)benzothiazole,C8H7NS2,Tesla_Libary_2021_01_01.mslibrary.xml,1061100.82331257,319744.485573928,Sample,72100530
True,18.0970667945344,225,1000270-35-6,2422,1615.29912197313,53.6923276079082,"Benzofurane-7-carboxylic acid, 2,3-dihydro-5-bromo-, 4-methylphenyl ester",C16H13BrO3,NIST17.L,63233.9559249032,7596.34270117174,Sample,72100530
True,18.2637782346473,161,113124-05-3,1460,1629.46286955341,66.5756163834287,"3-Pyridinecarbonitrile, 6-ethyl-1,2-dihydro-5-methyl-2-oxo-",C9H10N2O,NIST17.L,96838.9105426761,49222.5990899363,Sample,72100530
True,18.3751086760993,133,1000298-42-7,,1638.92146621396,53.177113209619,"Propyl N,N-diisopropylphosphoramidocyanidate",C10H21N2O2P,NIST20.L,45831.5590901818,18653.9908842779,Sample,72100530
True,18.3939274886517,105,119-61-9,1635,1640.52030616503,76.0428312725461,Benzophenone,C13H10O,Tesla_Libary_2021_01_01.mslibrary.xml,629040.401065175,93233.0738017757,Sample,72100530
True,18.4704186776246,173,,1641,1647.01897171547,60.3724396269427,GC_BPMZ_173_RI_1641,,Tesla_Libary_2021_01_01.mslibrary.xml,220404.67879084,98243.9971641045,Sample,72100530
True,18.5733567121774,99.0999984741211,126-73-8,1658.54421003836,1655.76455232367,81.0839696762527,Tributyl phosphate,C12H27O4P,Tesla_Libary_2021_01_01.mslibrary.xml,401416.143493098,256174.117246287,Sample,72100530
True,18.6521033915073,101,1000349-38-0,1799,1662.45484357218,56.0937182620792,"Succinic acid, di(2-chloropropyl) ester",C10H16Cl2O4,NIST17.L,147445.994386854,66796.6282906898,Sample,72100530
True,18.7502470100882,191,1000351-99-9,1259,1670.79309222058,61.3513011895141,"2-[2-[2-(2,2,3,3,3-Pentafluoropropanoyl)oxyethoxy]ethoxy]ethyl 2,2,3,3,3-pentafluoropropanoate",C12H12F10O6,NIST17.L,137115.988945063,24611.3083164057,Sample,72100530
True,18.75575,191,1000343-74-2,2009,1671.26062438271,54.2679710773288,"6-Fluoro-2-trifluoromethylbenzoic acid, 4-isopropylphenyl ester",C17H14F4O2,NIST17.L,7751.72486569286,24611.3083164057,Sample,72100530
True,18.7648490579143,355,1000162-69-2,,1672.03367726636,66.4684628636384,"4-Phosphaspiro[2.4]hept-5-ene, 4-oxo-4,5,6-triphenyl-",C24H21OP,NIST20.L,23362.0653679009,13160.6074329278,Sample,72100530
True,18.8431327930174,111,13678-69-8,1265,1678.6846369299,58.1134093225704,"1,2-Propanedione, 1-(2-thienyl)-",C7H6O2S,NIST17.L,32634.4827531478,14681.3339963306,Sample,72100530
True,18.8531521226843,191,24063-71-6,1691,1679.53587579047,92.1170728292585,Isocurcumenol,C15H22O2,Tesla_Libary_2021_01_01.mslibrary.xml,5109256.39427741,1047512.72235971,Sample,72100530
True,18.8565783604127,135,1000274-59-6,1821,1679.82696778933,50.0065125159343,4-Adamantan-1-yl-nonan-5-one,C19H32O,NIST17.L,1180544.30812994,228874.879469412,Sample,72100530
True,18.8685064783812,155,814-75-5,787,1680.84037665857,51.3850259907244,"2-Butanone, 3-bromo-",C4H7BrO,NIST17.L,455258.527014427,50097.047833849,Sample,72100530
True,18.9328983100012,191,24063-71-6,1691,1686.31108489958,72.2948150993747,Isocurcumenol,C15H22O2,Tesla_Libary_2021_01_01.mslibrary.xml,921746.757785876,224494.358109011,Sample,72100530
True,18.934285334205,105,1000391-79-4,2658,1686.42892600693,52.4870017832295,"Glutaric acid, 3-chlorophenyl phenethyl ester",C19H19ClO4,NIST17.L,81439.2844979072,30760.6853362577,Sample,72100530
True,18.9872729385548,153,78-46-6,,1690.93073495529,55.1329972469232,Dibutyl butanephosphonate,C12H27O3P,NIST20.L,453831.550691672,91313.9109103,Sample,72100530
True,19.0799284540812,141,1000390-01-0,3407,1698.80271622392,61.8054471665968,"Succinic acid, 2,4,6-trichlorophenyl 2-naphthylmethyl ester",C21H15Cl3O4,NIST17.L,35897.6070459815,19043.6669849594,Sample,72100530
True,19.1233786128064,98,27388-03-0,937,1702.49422701701,60.2560867379919,Methyldicyanophosphine,C3H3N2P,NIST17.L,18654.0428218152,3358.03578350565,Sample,72100530
True,19.1603921282688,81.0999984741211,1000432-32-6,843,1705.63888277496,53.9902176167252,3-Methyl-2-pente-4-yne-1-ol,C6H8O,NIST17.L,71810.3297042003,3624.19043846378,Sample,72100530
True,19.1647449936329,121,114482-57-4,2389,1706.00870074442,74.5699183780294,p-Cyanophenyl p-(3-butenyloxy)benzoate,C18H15NO3,NIST17.L,291903.315112803,98797.8885788303,Sample,72100530
True,19.2164359072247,149,1000415-50-8,2992,1710.40034328444,62.424276367801,"Phthalic acid, di(2,4,5-trifluorobenzyl) ester",C22H12F6O4,NIST17.L,131976.730653055,14258.0245699662,Sample,72100530
True,19.2241255765085,191,,1704,1711.05365498662,89.367598254795,GC_BPMZ_135_RI_1704,,Tesla_Libary_2021_01_01.mslibrary.xml,1449767.55201805,167556.828058111,Sample,72100530
True,19.2249773985274,79,102402-84-6,1559,1711.12602549731,52.0802136381732,"Pentane-2,4-dione, 3-(1-adamantyl)-",C15H22O2,NIST17.L,389865.982520149,29278.432930693,Sample,72100530
True,19.2297043304078,120,40701-27-7,1539,1711.52762403151,52.2163356033804,"2,3-Benzofurandione 2-monooxime",C8H5NO3,NIST17.L,88677.2500977476,26261.5614529322,Sample,72100530
True,19.2585932177782,71.0999984741211,94883-97-3,1128,1713.98201413402,59.469615858711,(1-Propoxy-pentyl)-cyclopropane,C11H22O,NIST17.L,51571.0819348842,16587.9000500488,Sample,72100530
True,19.347745152917,125,1000141-55-1,1953,1721.55633239763,55.818823893117,"9H-Fluoren-3-ol, 9,9-dimethyl-",C15H14O,NIST17.L,42915.8651762173,10229.7005383298,Sample,72100530
True,19.3807886029609,107,1000129-07-5,2645,1724.36369274006,55.3258654217641,"Isoquinoline, 1.alpha.-(4-hydroxybenzyl)-1,2,3,4-tetrahydroxy-6,7-dimethoxy-",C18H21NO3,NIST17.L,26326.2144127859,13603.7051882933,Sample,72100530
True,19.4027913899237,163,1000373-89-3,1689,1726.23304208041,62.4784376420777,Isobutyl methyl phthalate,C13H16O4,NIST17.L,423451.53015556,99081.7566524808,Sample,72100530
True,19.4688109089143,129,1000436-95-8,1384,1731.84203809004,50.0344920058908,Ethyl 4-chloro-3-ethylpyrazole-1-carboxylate,C8H11ClN2O2,NIST17.L,136975.849442902,48489.2223419194,Sample,72100530
True,19.4759785619481,91,29422-13-7,1801,1732.45099946813,72.5183705440335,"Naphthalene, 1,2,3,4-tetrahydro-2-phenyl-",C16H16,NIST17.L,1812013.38741443,482615.45855861,Sample,72100530
True,19.4764741846241,91.0999984741211,70388-65-7,1773,1732.49310740309,57.6626360504101,"Benzene, 1,1'-(1-butene-1,4-diyl)bis-, (Z)-",C16H16,NIST17.L,842753.324002358,482615.45855861,Sample,72100530
True,19.4937320824501,125.099998474121,65383-57-5,1379,1733.95933256681,78.0029900620485,3-Ethoxy-4-methoxyphenol,C9H12O3,NIST17.L,207332.614475374,51152.2190510118,Sample,72100530
True,19.4977802423147,99,513-02-0,1180,1734.30326286007,59.2016351310701,Triisopropylphosphate,C9H21O4P,NIST17.L,381323.235933813,160594.120612722,Sample,72100530
True,19.6274610169233,178,1000153-85-3,3649,1745.32089762063,66.7611490581564,"Butane, 1,4-bis(9,10-dihydro-9-methylanthracen-10-yl)-",C34H34,NIST17.L,52185.3094278412,18470.5043205316,Sample,72100530
True,19.6370255852617,115,55656-58-1,1653,1746.1335001125,55.185624500773,"Propanoic acid, 3-(acetyloxy)-, anhydride",C10H14O7,NIST17.L,28534.0860880047,15055.3573005139,Sample,72100530
True,19.6920714498447,139,4861-62-5,1381,1750.8101781543,52.9858878329767,"Thiophene, 2-butyl-5-propyl-",C11H18S,NIST17.L,426106.508230958,83660.6582030346,Sample,72100530
True,19.715974006274,119,55823-65-9,1663,1752.84093126613,57.0595367642438,"11,12-Dihydroxyseychellane",C15H26O2,NIST17.L,205607.99764096,58339.0787742327,Sample,72100530
True,19.8212437781974,119,105492-44-2,2498,1761.78461549288,62.5647908360921,"4-(4-Methylbenzoylmethyl)-2H-1,4-benzoxazin-3(4H)-one",C17H15NO3,NIST17.L,82700.8231935511,36969.0530961647,Sample,72100530
True,19.9380201005652,248.100006103516,1000326-52-9,2566,1771.70589235457,50.7411874514548,"2-(4,5-Dihydro-1H-imidazol-2-yl)-N-(1-phenylethylidene)benzenamine",C17H17N3,NIST17.L,20170.1972026934,2859.7192252383,Sample,72100530
True,19.9435485280747,249,115-96-8,1777.36708135563,1772.17558568639,69.4389942840286,Tri(2-chloroethyl) phosphate,C6H12Cl3O4P,Tesla_Libary_2021_01_01.mslibrary.xml,249679.385294627,36601.9387364899,Sample,72100530
True,19.9910340174814,147,1000343-97-9,1471,1776.20993680967,50.9278841419048,"2-Ethylphenylamine, N-methoxycarbonyl-",C10H13NO2,NIST17.L,13169.2040664634,6821.13938729639,Sample,72100530
True,20.0013740991083,175,1000363-05-6,1069,1777.0884266483,57.4414515586798,"Silane, diethylethoxyisobutoxy-",C10H24O2Si,NIST17.L,109479.051995893,32872.1255583892,Sample,72100530
True,20.0415400584653,130,,1777,1780.50091297358,97.8392592875566,GC_BPMZ_130_RI_1777,,Tesla_Libary_2021_01_01.mslibrary.xml,5929663.63987238,643450.51643636,Sample,72100530
True,20.1315191896483,149,1000364-68-3,2748,1788.14550953339,56.7181542558253,"N-Ethyl-4,4-dimethyl-N,8-bis(3-methylphenyl)-3,5-dioxa-8-aza-4-siladecan-1-amine",C24H38N2O2Si,NIST17.L,63604.166961741,15864.4421789085,Sample,72100530
True,20.1358195517903,253,,1785,1788.51086684685,52.7352847953532,GC_BPMZ_253_RI_1785,C16H22O3Si3,Tesla_Libary_2021_01_01.mslibrary.xml,184624.347799527,21388.2325156594,Sample,72100530
True,20.186025898475,97,295-65-8,,1792.77638108444,83.8411432675693,Cyclohexadecane                    P1017,C16H32,PMW_TOX2.L,388321.095176803,62560.6424171016,Sample,72100530
True,20.1998679326441,141,3622-84-2,1797,1793.95239562691,81.8362806616421,N-Butylbenzenesulfonamide,C10H15NO2S,Tesla_Libary_2021_01_01.mslibrary.xml,824191.299118995,299844.765375846,Sample,72100530
True,20.2137900251649,158,38858-92-3,1575,1795.13521189987,57.857587439094,"3,4-Dinitro-1H-pyrazole",C3H2N4O4,NIST17.L,84510.5558603308,41777.0140011449,Sample,72100530
True,20.3689479227127,202,83619-73-2,1996,1809.23943021166,59.0184830224651,"Benzene, 1,4-diacetyloxy-2,3-dicyano-",C12H8N2O4,NIST17.L,25086.4713636813,6789.60308149824,Sample,72100530
True,20.376458566262,125,13674-84-5,1814,1809.94827126769,92.0770050542885,Tris(2-chloroisopropyl)phosphate,C9H18Cl3O4P,Tesla_Libary_2021_01_01.mslibrary.xml,2074701.50000912,404800.692385171,Sample,72100530
True,20.4027192309251,174,106-41-2,,1812.42670565877,51.9277723384205,4-Bromophenol                     @ P721,C6H5BrO,PMW_TOX2.L,8560.64311410322,3058.13120196604,Sample,72100530
True,20.4469173283126,181,1000357-37-9,1325,1816.59804275137,78.6108938629225,"Carbonic acid, allyl pentafluorobenzyl ester",C11H7F5O3,NIST17.L,145468.676144106,62155.815292047,Sample,72100530
True,20.4900750930127,125.099998474121,59303-13-8,1219,1820.67119511241,51.0558693284904,"1-Propanone, 1-(5-methyl-2-thienyl)-",C8H10OS,NIST17.L,18587.3693279339,2286.18967369892,Sample,72100530
True,20.5251419636158,99.0999984741211,107-44-8,820,1823.98074341232,55.3818227881378,Sarin,C4H10FO2P,NIST17.L,208738.127635394,88660.2240621051,Sample,72100530
True,20.5329036138919,159,1000357-72-1,1587,1824.71327403265,55.7584017777714,"3-Chloro-2-fluorobenzoic acid, 2-pentyl ester",C12H14ClFO2,NIST17.L,142987.614565743,18633.6322196951,Sample,72100530
True,20.5479902146724,229,1206-37-7,1919,1826.13712033275,56.4667101759154,"Benzoic acid, p-(dimethylsulfamoyl)-",C9H11NO4S,NIST17.L,349682.593426141,54488.5517794307,Sample,72100530
True,20.5491201384118,229,1000400-98-4,2037,1826.24376050698,55.0298793932954,"naphtho[1,2-d]thiazole, 7-methoxy-2-methyl-",C13H11NOS,NIST17.L,131251.237362842,54488.5517794307,Sample,72100530
True,20.5543689992575,121,81693-80-3,1480,1826.73913857151,53.6876709344699,4-Hexylanisole,C13H20O,NIST17.L,157302.453124537,79613.9575250278,Sample,72100530
True,20.5675220471899,130,1000325-48-4,2180,1827.98049962468,56.1402532189152,"3-Aminobutyric, N-propoxycarbonyl-, nonyl ester",C17H33NO4,NIST17.L,5257.81773857879,1815.66553240995,Sample,72100530
True,20.572443135664,147,65847-12-3,1883,1828.44494312115,51.4949629258983,"2H-1,5-Benzodiazepin-2-one, 1,3,4,5-tetrahydro-4,7,8-trimethyl-",C12H16N2O,NIST17.L,31935.1436088393,10624.3507142892,Sample,72100530
True,20.5783329940645,233,30095-81-9,2076,1829.00081738426,64.5220598756859,"4H-1-Benzopyran-2-carboxylic acid, 6-amino-4-oxo-, ethyl ester",C12H11NO4,NIST17.L,13020.7780035792,5816.18167575549,Sample,72100530
True,20.5871580651731,206,104343-09-1,1512,1829.83371175384,54.7141839598013,"4-tert-Butylaniline, N-trimethylsilyl-",C13H23NSi,NIST17.L,71808.3346615188,30373.7760025164,Sample,72100530
True,20.6457712920227,59,24892-49-7,900,1835.36552288886,53.4216749450694,"2,4-Dimethyl-2,4-pentanediol",C7H16O2,NIST17.L,107923.880235674,47849.1295161279,Sample,72100530
True,20.6655155297775,204,1000330-80-7,2237,1837.2289486058,58.8801270228712,"1,3-Benzenediol, o-butoxycarbonyl-o'-(2-furoyl)-",C16H16O6,NIST17.L,210086.13335201,57489.404630818,Sample,72100530
True,20.7568290076743,195,137492-22-9,1831,1845.8469507353,57.5329377486411,3-Butyl-5-hexylpyrrolizidine,C17H33N,NIST17.L,54255.0395627296,21312.2347936399,Sample,72100530
True,20.7811339893451,125.099998474121,332-86-5,521,1848.14081127616,51.8599766108254,"4-Heptanone, 1,1,1,7,7,7-hexafluoro-",C7H8F6O,NIST17.L,17037.9641448221,4615.88008276359,Sample,72100530
True,21.0002883555065,142,71275-00-8,1626,1868.82420695629,55.1732331908589,"4-Decanamine, N-ethyl-4-propyl-",C15H33N,NIST17.L,199015.055078388,32218.6213920767,Sample,72100530
True,21.008994107075,243,1222-05-5,1851,1869.64584016186,91.2463177161187,"Cyclopenta[g]-2-benzopyran, 1,3,4,6,7,8-hexahydro-4,6,6,7,8,8-hexamethyl-",C18H26O,NIST17.L,2859381.00092628,699126.753774735,Sample,72100530
True,21.0210436639709,198,1010325-64-3,1875,1870.78305571185,55.4650356645559,"Carbonic acid, propyl 2,4,6-trichlorophenyl ester",C10H9Cl3O3,NIST20.L,109736.64186643,45046.0958252198,Sample,72100530
True,21.0566542112527,109.099998474121,25016-11-9,993,1874.14391524076,63.9389950583398,"Pyrazole-4-carboxaldehyde, 1-methyl-",C5H6N2O,NIST17.L,34147.5615434064,21399.8204477398,Sample,72100530
True,21.0566730282319,109,1000374-62-5,1216,1874.14569115349,61.6977865206118,"(3-Fluorophenyl) methanol, 2-methylpropyl ether",C11H15FO,NIST17.L,31959.4912767457,21399.8204477398,Sample,72100530
True,21.0566998967729,207,39905-44-7,1778,1874.14822695815,57.5266892218572,p-Heptyloxyaniline,C13H21NO,NIST17.L,116088.863651882,33137.4864643139,Sample,72100530
True,21.0895420904547,149,84-69-5,1887,1877.24781424368,93.8764820165422,Diisobutyl phthalate,C16H22O4,Tesla_Libary_2021_01_01.mslibrary.xml,7723285.10051985,5177509.18848273,Sample,72100530
True,21.0996899626284,95.0999984741211,59204-74-9,1297,1878.20555220326,51.4126364401291,Egomaketone,C10H12O2,NIST17.L,107524.403958853,25496.8948491209,Sample,72100530
True,21.1049162012345,214,38463-46-6,1979,1878.69879522142,54.9401098742919,"Thiazolo[5,4-f]quinoline, 7,9-dimethyl-",C12H10N2S,NIST17.L,61090.7538603097,12800.6274319964,Sample,72100530
True,21.1338583646984,243,,1895,1881.43030465584,73.6413856293779,GC_BPMZ_243_RI_1895,,Tesla_Libary_2021_01_01.mslibrary.xml,198578.744302699,48324.9903070935,Sample,72100530
True,21.208023726961,119,,1885,1888.42989841391,72.2505512702426,GC_BPMZ_119_RI_1885,,Tesla_Libary_2021_01_01.mslibrary.xml,869007.71839285,177176.053792311,Sample,72100530
True,21.2860252934457,123,14704-41-7,678,1895.7915462402,56.7121055288512,"3,5-Bis(trifluoromethyl)pyrazol",C5H2F6N2,NIST17.L,78999.2173985211,18350.396854237,Sample,72100530
True,21.2907715297111,135,1000189-12-7,1643,1896.23948749908,54.5048621912185,"1,3,7,7-Tetramethyl-2,11-dioxa-bicyclo[4.4.1]undeca-3,5,9-trien-8-one",C13H16O3,NIST17.L,355840.954840866,53865.2688668891,Sample,72100530
True,21.2942931036054,205,,1893,1896.57184732175,90.330601429433,GC_BPMZ_121_RI_1893,,Tesla_Libary_2021_01_01.mslibrary.xml,2390989.58387535,376621.346553044,Sample,72100530
True,21.3341331547861,151,19703-85-6,,1900.33187983636,54.00530674949,"1,3,4-Thiadiazolium, 5-hydroxy-2-(4-methoxyphenyl)-3-methyl-, hydroxide, inner salt",C10H10N2O2S,NIST20.L,41246.7954019938,33444.0171674813,Sample,72100530
True,21.3476807369087,57,629-92-5,1900,1901.61047631818,50.8848239353114,Nonadecane,C19H40,Tesla_Libary_2021_01_01.mslibrary.xml,39489.3242411826,16896.9965974118,Sample,72100530
True,21.380515483749,104,509-14-8,,1904.70936078419,61.7256607833313,"Methane, tetranitro-",CN4O8,NIST20.L,366688.743322232,131552.52287484,Sample,72100530
True,21.3827960208266,193,,1902,1904.92459377984,74.5438504994316,GC_BPMZ_149_RI_1902,,Tesla_Libary_2021_01_01.mslibrary.xml,1461759.98692926,376991.816701653,Sample,72100530
True,21.4386995818967,198,106780-29-4,1996,1910.20067152264,75.0343864933068,"1,3,4,6-Tetramethyl-dihydroimidazo[4,5-d]imidazolidine-2,5-dione",C8H14N4O2,NIST17.L,721218.835662948,186352.178627255,Sample,72100530
True,21.4980452874897,91,22002-68-2,1290,1915.80161268661,55.3565143922518,N-Ethyl-2-phenethylamine,C10H15N,NIST17.L,260228.53173479,37474.423809845,Sample,72100530
True,21.502873502133,86,137-58-6,1881,1916.25729091764,81.0894996193692,Lidocaine,C14H22N2O,NIST17.L,2949701.68044833,1852930.22165122,Sample,72100530
True,21.525426424288,243,1222-05-5,1851,1918.38579522648,59.989658862859,"Cyclopenta[g]-2-benzopyran, 1,3,4,6,7,8-hexahydro-4,6,6,7,8,8-hexamethyl-",C18H26O,NIST17.L,168641.311490318,30290.7281322714,Sample,72100530
True,21.5872013335025,149,1000315-43-8,3048,1924.21600026764,74.7787021562497,"Phthalic acid, pentyl tridec-2-yn-1-yl ester",C26H38O4,NIST17.L,141448.359779566,114314.618462134,Sample,72100530
True,21.6091964937254,187,1000259-50-3,1500,1926.29186400655,58.7908822491928,"Pyrazole-3-carboxamide, 4-bromo-1-methyl-",C5H6BrN3O,NIST17.L,135697.046833992,52282.9652017991,Sample,72100530
True,21.6331410211871,141,114477-69-9,2065,1928.55170552621,58.3240521536828,"5-Isopropyl-5-acetylamino-6-imino-1,2,5,6-tetrahydro-2-thioxopyrimidin-4(3H)-one",C9H14N4O2S,NIST17.L,7801.33865583337,4069.28742682253,Sample,72100530
True,21.6414536607865,71.0999984741211,629-62-9,1500,1929.33623752979,63.0690427901536,Pentadecane,C15H32,NIST17.L,95400.8680061357,15153.9310810551,Sample,72100530
True,21.6618884065244,135,14202-31-4,1651,1931.26483215067,57.2842894953128,p-Methoxyphenyl-methanediol diacetate,C12H14O5,NIST17.L,110121.103670656,47224.921353202,Sample,72100530
True,21.6713736433833,135,82304-66-3,1923,1932.16003177871,56.293514806852,"7,9-Di-tert-butyl-1-oxaspiro(4,5)deca-6,9-diene-2,8-dione",C17H24O3,Tesla_Libary_2021_01_01.mslibrary.xml,578377.32200212,47224.921353202,Sample,72100530
True,21.6735119085161,185,35868-44-1,2377,1932.36183740361,55.7026763059388,"Quinazolin-4(3H)-one, 3-methyl-2-(2-phenylethenyl)-",C17H14N2O,NIST17.L,121055.689126471,7961.06555834937,Sample,72100530
True,21.6767286737744,203,1000402-10-6,2184,1932.66542993435,52.2615233380335,"2H-1-benzopyran-2-one, 3-(2-bromoacetyl)-7-methoxy-",C12H9BrO4,NIST17.L,101849.702788246,7780.91512815135,Sample,72100530
True,21.7794106813569,151,1000395-37-6,1542,1942.35637348824,53.0894507299351,"2'-Hydroxy-4'-methoxyacetophenone, isopropyl ether",C12H16O3,NIST17.L,572158.044940789,124505.35362282,Sample,72100530
True,21.8378877930201,91,1000151-09-7,1273,1947.87533831631,52.8146637215538,"(+)-2-Carene, 2-acetyl-",C12H18O,NIST17.L,2216487.71958127,162501.466842171,Sample,72100530
True,21.8402242773703,205,,1946,1948.09585151512,97.5949873519444,GC_BPMZ_205_RI_1946,,Tesla_Libary_2021_01_01.mslibrary.xml,7437954.25052393,2689413.05805851,Sample,72100530
True,21.9528363607387,123,6100-74-9,1558,1958.72397779646,63.9261786405486,"Ethanone, 1-(3-hydroxy-4-methoxyphenyl)-",C9H10O3,NIST17.L,73086.0299332202,26702.7293534081,Sample,72100530
True,21.9673951716957,96.0999984741211,7781-29-5,1978,1960.09801224045,50.3183624687521,"2,4-Pyrimidinediamine, 6-methyl-N4-phenyl-",C11H12N4,NIST17.L,33679.0313079849,10451.368496826,Sample,72100530
True,21.9915222162025,205,88913-23-9,1783,1962.37507939118,53.6326317048182,"7-Acetamido-2,2-dimethyl-2,3-dihydrobenzofuran",C12H15NO2,NIST17.L,58963.1657880953,38167.4964801893,Sample,72100530
True,22.0321500501461,219,1000343-91-6,3181,1966.20946142884,64.2223158656448,"Isophthalic acid, pentyl tridec-2-ynyl ester",C26H38O4,NIST17.L,106816.294538204,70674.0638436015,Sample,72100530
True,22.0845281047115,149,84-74-2,1973,1971.15280819626,94.8627730957077,Dibutyl phthalate,C16H22O4,Tesla_Libary_2021_01_01.mslibrary.xml,2494004.53855448,1890002.6310802,Sample,72100530
True,22.1319316596693,129,634-35-5,,1975.62667062031,52.2763272260067,"Quinolinium, 1-ethyl-, iodide",C11H12IN,NIST20.L,295213.246696938,100295.274767413,Sample,72100530
True,22.1854410187087,135,80-46-6,1400,1980.67678787322,52.9121346272156,"Phenol, 4-(1,1-dimethylpropyl)-",C11H16O,NIST17.L,201543.199827397,61417.7071137183,Sample,72100530
True,22.189222577973,150,,1980,1981.03368464842,76.3259224603544,GC_BPMZ_150_RI_1980,,Tesla_Libary_2021_01_01.mslibrary.xml,714508.278895273,86018.3271044605,Sample,72100530
True,22.1905127780478,203,80153-58-8,1277,1981.15545141546,59.5358374467693,"1,1,7,7-Tetramethyl-4,4-divinyl-1,7-dichlorotrisilethylene",C12H26Cl2Si3,NIST17.L,122428.34955472,13616.869727983,Sample,72100530
True,22.2358508716412,229,1000432-48-8,1951,1985.43437930361,55.3502477261792,"1-Ethyl-1,3,3-trimethyl-5-(1-methyl-3-propanal)indan",C18H26O,NIST17.L,46119.6388213228,42727.8710697941,Sample,72100530
True,22.2514583697997,58.0999984741211,17373-28-3,1363,1986.9073869632,54.0618477403374,"1-Undecanamine, N,N-dimethyl-",C13H29N,NIST17.L,80117.0135854185,54380.7071441482,Sample,72100530
True,22.2514598104176,58,27203-92-5,,1986.90752292613,52.3594884816083,Tramadol                           P1252,C16H25NO2,PMW_TOX2.L,94801.7265840433,57910.6606899559,Sample,72100530
True,22.3018782850235,166.100006103516,659-86-9,732,1991.66592805457,67.2985638981092,"1-Propyne, 3-iodo-",C3H3I,NIST17.L,138023.297428811,39285.5142157176,Sample,72100530
True,22.3066898764607,154,3158-85-8,1886,1992.12003741725,60.6202814461255,"10,11-Dihydrodibenz(b,f)(1,4)oxazepin-11-one",C13H9NO2,NIST17.L,521968.373941079,182461.987662139,Sample,72100530
True,22.3090615323004,129,57964-40-6,1978,1992.3438700381,75.5177937231643,"3-[1-(4-Cyano-1,2,3,4-tetrahydronaphthyl)]propanenitrile",C14H14N2,NIST17.L,1958762.81478894,298935.161078333,Sample,72100530
True,22.3257438182439,97,1454-85-9,1984,1993.91831423953,69.2330307891095,n-Heptadecanol-1,C17H36O,NIST20.L,530548.315548801,55849.5829613909,Sample,72100530
True,22.3261202613526,97.0999984741211,21981-22-6,1172,1993.95384226438,72.9429230894351,"1H-Pyrazole, 5-ethyl-4,5-dihydro-3,5-dimethyl-",C7H14N2,NIST17.L,211261.144320879,55849.5829613909,Sample,72100530
True,22.3300674784782,152,136308-31-1,1479,1994.32637353115,62.8790889008492,1-Methyl-4-diethylaminocytosine,C9H15N3O,NIST17.L,181045.800735594,18759.5127961216,Sample,72100530
True,22.3626084697598,149,,1998,1997.39753387484,89.747266691535,GC_BPMZ_149_RI_1998,,Tesla_Libary_2021_01_01.mslibrary.xml,3169383.59993984,291640.128398588,Sample,72100530
True,22.3729042298426,69.0999984741211,420-46-2,232,1998.36922922981,59.7767484915897,"Ethane, 1,1,1-trifluoro-",C2H3F3,NIST17.L,211020.354126304,90898.2440842279,Sample,72100530
True,22.3883957118317,57.0999984741211,77376-95-5,1326,1999.83128749159,61.3177046813342,Ditert.-butylphosphinacrylonitryl,C11H20NP,NIST17.L,416468.234336318,154187.371468272,Sample,72100530
True,22.3883957357603,85,4418-61-5,,1999.83128974993,59.7567858182588,1H-Tetrazol-5-amine,CH3N5,NIST20.L,409463.218587793,133386.626385666,Sample,72100530
True,22.408336970792,179,10130-23-1,2019,2001.86462081233,61.5180582358991,"Quinoxaline, 2-methyl-3-phenyl-",C15H12N2,NIST17.L,12568.8138764458,3331.00035652552,Sample,72100530
True,22.5524619066343,134,1000446-79-9,2498,2016.66817495174,62.9579838754355,"Acetamide, 2-phenyl-N-benzyl-N-(hept-2-yl)-",C22H29NO,NIST17.L,173111.664702762,65172.5605378759,Sample,72100530
True,22.5877520874775,221,13457-18-6,,2020.2929474427,50.8205409546095,Pyrazophos                         P1791,C14H20N3O5PS,PMW_TOX2.L,6608.19526589577,5180.09917688589,Sample,72100530
True,22.5979351863949,215,2129-89-7,2029,2021.33888758657,61.5256533800067,"Phosphine oxide, diphenylmethyl-",C13H13OP,Tesla_Libary_2021_01_01.mslibrary.xml,70925.7432987749,47981.2539300571,Sample,72100530
True,22.6217846138215,96.0999984741211,1000426-93-8,1068,2023.78854203423,59.3433546189432,5-Methyl-4-hexene-1-yl acetate,C9H16O2,NIST17.L,35155.4656584911,12906.5946098636,Sample,72100530
True,22.6687259890783,195,18992-70-6,1866,2028.61004766703,50.8809218348392,"Carbazole, 2,3-dimethyl-",C14H13N,NIST17.L,901916.801120252,67651.9133808654,Sample,72100530
True,22.6692718868763,180,17057-98-6,1668,2028.66611865545,59.0322157875694,"9H-Fluorene, 1,9-dimethyl-",C15H14,NIST17.L,50547.8716225409,22926.7349521031,Sample,72100530
True,22.6985813668652,149,1000415-81-9,2767,2031.67659336115,50.2209685558573,"Terephthalic acid, isobutyl 3-methoxyphenyl ester",C19H20O5,NIST17.L,62671.8503754523,10916.7109277353,Sample,72100530
True,22.7613249113026,59.0999984741211,67-63-0,486,2038.12119263572,78.6727988985078,Isopropyl Alcohol,C3H8O,NIST17.L,209579.676243252,158805.962099555,Sample,72100530
True,22.8102819814381,122,98-85-1,1061,2043.14973703036,57.8918208836516,"Benzenemethanol, .alpha.-methyl-",C8H10O,NIST17.L,489695.750058226,203701.536241269,Sample,72100530
True,22.8169566774296,121,1000362-14-0,1532,2043.83531737701,71.2465517295468,"Isoxazole, 4,5-dihydro-5-[(4-methoxyphenyl)methyl]-",C11H13NO2,NIST17.L,2063904.08219502,323242.103017727,Sample,72100530
True,22.8829923634816,92.0999984741211,1678-25-7,2072,2050.61806352631,51.6714808283716,Benzenesulfonanilide,C12H11NO2S,NIST17.L,262535.588445109,57268.2765953913,Sample,72100530
True,23.033678674246,160,10544-50-0,2049,2066.09555842637,81.3427052486936,Cyclic octaatomic sulfur,S8,NIST17.L,470281.061061083,56378.5023883492,Sample,72100530
True,23.0969978692446,161,1000318-14-4,1662,2072.59928469516,65.4720620349812,6-Amino-3H-quinazolin-4-one,C8H7N3O,NIST17.L,174644.593669571,109874.879672241,Sample,72100530
True,23.174086281108,72,1211-16-1,1684,2080.51729327481,77.039288567093,"2-Diethylcarbamoyl-1,3-benzodioxole",C12H15NO3,NIST17.L,220246.296256809,99365.7630661713,Sample,72100530
True,23.1795466719103,91.0999984741211,1000098-68-5,1478,2081.07814827462,60.1201761373274,"4-(Fluoromethyl)-5-methyl-2-phenyl-2H-1,2,3-triazole",C10H10FN3,NIST17.L,132954.704517792,29911.0908474634,Sample,72100530
True,23.3743889216856,85,1000375-50-2,1284,2101.09104733568,55.3041233603502,"DL-3-Aminoisobutyric acid, N-dimethylaminomethylene-, ethyl ester",C9H18N2O2,NIST17.L,84341.5922845369,8455.94320910649,Sample,72100530
True,23.3812877828267,85.0999984741211,6975-98-0,1064,2101.79965243448,59.9229421435621,"Decane, 2-methyl-",C11H24,NIST17.L,74412.0602346217,8455.94320910649,Sample,72100530
True,23.546441588127,165,37526-58-2,1397,2118.76315208015,62.890633321466,"3-Methoxy-7-methyl-7H-pirazolo[4,3-E]1,2,4]triazine",C6H7N5O,NIST17.L,24594.1481800033,4462.48850609582,Sample,72100530
True,23.5801723983544,98,96-88-8,2055,2122.22775640035,86.5533050017164,Mepivacaine,C15H22N2O,NIST17.L,2092601.9118993,1510002.19533635,Sample,72100530
True,23.5901596579285,120,1000460-12-3,2802,2123.25358123035,64.6695304538441,"4-Amino-N-(2,5-diaminophenyl)benzamide",C13H14N4O,NIST17.L,41093.7367516055,17171.0310126157,Sample,72100530
True,23.5986869736356,109.099998474121,13119-27-2,1785,2124.12945034346,51.8351551621301,"3-Methyl-2-thioxo-2,3-dihydro-1,3-benzoxazin-4-one",C9H7NO2S,NIST17.L,60276.4675433653,9291.77304614206,Sample,72100530
True,23.7838962007864,85.0999984741211,1000365-10-5,1142,2143.15290943625,53.3209903198841,"5-Hydroxymethyl-2,2,5-trimethyl-1,3-dioxane, methyl ether",C9H18O3,NIST17.L,68193.8205751662,12470.7278794274,Sample,72100530
True,23.9144576873591,225,,2158,2156.56331634262,77.6742375631511,GC_BPMZ_225_RI_2158,,Tesla_Libary_2021_01_01.mslibrary.xml,619422.311327546,123768.483589961,Sample,72100530
True,24.1714864359849,204,1000302-54-0,2221,2182.96359866318,58.2610807318012,"2H-Pyrazole-3-carboxylic acid, 5-pyridin-4-yl-, hydrazide",C9H9N5O,NIST17.L,31146.7795434829,14984.0129281052,Sample,72100530
True,24.2738384602685,214,1000396-19-6,1862,2193.47651736046,50.3009256773863,"pyrrolo[2,1-b]benzothiazole-3-carboxaldehyde, 2-methyl-",C12H9NOS,NIST17.L,150409.656249468,34600.6104757978,Sample,72100530
True,24.274412776018,97,15362-40-0,2192,2193.5355072517,63.0109939090736,"2H-Indol-2-one, 1-(2,6-dichlorophenyl)-1,3-dihydro-",C14H9Cl2NO,NIST20.L,549670.421267736,34599.9645898785,Sample,72100530
True,24.274665535435,97.0999984741211,15362-40-0,2192,2193.56146901669,62.1619605587781,"2H-Indol-2-one, 1-(2,6-dichlorophenyl)-1,3-dihydro-",C14H9Cl2NO,NIST20.L,755430.415974804,34599.9645898785,Sample,72100530
True,24.3340385786048,99,673-66-5,1123,2199.65987283452,73.4891967386105,2-Azacyclooctanone,C7H13NO,NIST17.L,162574.090732912,29936.2965374423,Sample,72100530
True,24.3509812726512,168,4808-64-4,,2201.52530535723,50.456288485377,"2,6-Dimethyl-4-nitropyridine-N-oxide",C7H8N2O3,NIST20.L,64908.5665946673,23928.7391871953,Sample,72100530
True,24.365138999379,257,,2206,2203.10951961049,88.161868265361,GC_BPMZ_257_RI_2206,,Tesla_Libary_2021_01_01.mslibrary.xml,1607100.43503251,307542.558473406,Sample,72100530
True,24.6464228117727,177,1000466-55-2,1257,2234.58447553895,67.7189355359815,2-methyl-3-((trimethylsilyl)ethynyl)cyclopent-2-en-1-one,C11H16OSi,NIST17.L,90122.7635730878,63574.0324468439,Sample,72100530
True,24.6958742198888,59,584-02-1,690,2240.11796457199,64.8176261094309,3-Pentanol,C5H12O,NIST17.L,249452.446098798,148452.3775912,Sample,72100530
True,24.729195885172,257,82406-82-4,3731,2243.84657567595,51.2172904010208,"Benzoic acid, 4-(4-pentylcyclohexyl)-, 4'-cyano[1,1'-biphenyl]-4-yl ester",C31H33NO2,NIST17.L,196859.243121349,29873.6972326051,Sample,72100530
True,25.0850828825891,221,,2285,2283.66944164144,56.3420676573612,GC_BPMZ_147_RI_2285,,Tesla_Libary_2021_01_01.mslibrary.xml,95154.4556180302,12537.81030837,Sample,72100530
True,25.0915458354529,156,1000364-74-6,2378,2284.39262992171,68.7506853124298,"2-Thiobarbituric acid, tris(tert-butyldimethylsilyl) deriv.",C22H46N2O2SSi3,NIST17.L,19512.1517268796,2159.84092352793,Sample,72100530
True,25.111287986543,214,1000192-38-3,2573,2286.6017273106,50.4762120113493,"1,2-Bis-(4-bromophenyl)-N,N,N',N'-tetramethyl-ethane-1,2-diamine",C18H22Br2N2,NIST17.L,7092.11135396317,1294.62525543192,Sample,72100530
True,25.3439737968369,195,50616-99-4,3188,2312.63868820733,50.9798299116981,"9,9'-Bi-9H-fluorene, 9,9'-dimethoxy-",C28H22O2,NIST17.L,66016.7982991322,49147.3667374977,Sample,72100530
True,25.4264195801109,241,1000307-90-6,1721,2321.86416539691,65.6248256377052,"3,5-Dimethyl-1-dimethylphenylsilyloxybenzene",C16H20OSi,NIST17.L,79523.9804351009,33789.4277254631,Sample,72100530
True,25.4503298313969,240.100006103516,1545-26-2,1283,2324.53966278534,60.2103973183432,"Butanamide, 2,2,3,3,4,4,4-heptafluoro-N-(1-methyl-2-phenylethyl)-",C13H12F7NO,NIST17.L,6509.97073550575,4617.03485595857,Sample,72100530
True,25.7111935518816,191,13674-87-8,2340,2353.72966144086,73.2007156669963,"Tris(1,3-dichloroisopropyl)phosphate",C9H15Cl6O4P,NIST20.L,251296.971312105,22605.6577195213,Sample,72100530
True,25.8032995160563,282,1000310-34-9,2732,2364.03608874102,72.405424240018,"Ethylamine, N,N-dinonyl-2-(2-thiophenyl)-",C24H45NS,NIST17.L,68922.980881625,47410.4655422276,Sample,72100530
True,25.8331416666642,157,22106-07-6,1694,2367.37535084501,62.063951473242,"Pyrimido[1,6-a]indole, 1,2,3,4-tetrahydro-2,5-dimethyl-",C13H16N2,NIST17.L,3301.38558255371,1308.98443530296,Sample,72100530
True,25.8612872555591,164,68867-19-6,1910,2370.52477193153,60.7837380236014,6-Acetamido-2-methylbenzothiazole,C10H10N2OS,NIST17.L,3080.68009226441,1453.53606836592,Sample,72100530
True,26.0040618454309,193,298-46-4,2323,2386.50089187131,84.6851766860187,Carbamazepine,C15H12N2O,NIST17.L,1284481.76855997,534353.166775753,Sample,72100530
True,26.1149998272957,85,2050-77-3,1433,2398.91457490651,82.314517992671,"Decane, 1-iodo-",C10H21I,NIST17.L,295634.882589839,38245.9849605081,Sample,72100530
True,26.1399002950319,236.100006103516,1000305-70-5,2730,2401.84324198532,54.0682547819074,"Propionic acid, 3-(4-ethoxyphenyl)-3-(2-fluorobenzoylamino)-, ethyl ester",C20H22FNO4,NIST17.L,50608.9615867359,15508.57228577,Sample,72100530
True,26.2108850914845,138,113665-84-2,2412,2410.4511115606,54.2325981607959,Clopidogrel,C16H16ClNO2S,NIST17.L,86709.3368511653,21022.4355292865,Sample,72100530
True,26.2958681193388,125,78-51-3,,2420.75645659841,56.7966507431984,Tributoxyethylphosphate            P1737,C18H39O7P,PMW_TOX2.L,384678.783951268,34918.9662210633,Sample,72100530
True,26.3340700180392,147,18919-94-3,2480,2425.3889550766,57.0348075867664,Tetracosamethyl-cyclododecasiloxane,C24H72O12Si12,NIST17.L,171558.297333111,12127.2587542606,Sample,72100530
True,26.4082125830861,57,17312-63-9,1204,2434.37974693338,55.2208501835153,"Nonane, 5-butyl-",C13H28,NIST17.L,33551.8300931654,10981.2406901668,Sample,72100530
True,26.4737388403476,59.0999984741211,1000131-17-4,2399,2442.32569457923,59.495233929474,2-Methyldocosan-2-ol,C23H48O,NIST17.L,142028.295560719,81446.6979022531,Sample,72100530
True,26.4763582954227,59,3212-67-7,881,2442.64333904356,56.392389351486,"2-Hydroxy-2,4-dimethyl-3-pentanone",C7H14O2,NIST17.L,187281.458467526,82458.0167085778,Sample,72100530
True,26.7063428383597,91,28336-57-4,2471,2470.53208492811,98.7321223668153,"1,3,5-Triphenylcyclohexane, cis,trans-",C24H24,Tesla_Libary_2021_01_01.mslibrary.xml,13462459.2158033,4250350.3525345,Sample,72100530
True,26.804815035093,209,1000458-48-9,1845,2482.47317469144,72.4358633312428,3-phenyl-oxindole,C14H11NO,NIST17.L,198008.881171128,85643.9424683328,Sample,72100530
True,26.9041280662339,177,1000315-19-8,1805,2494.51622703376,51.7429782097029,"Phthalic acid, ethyl 2-methylallyl ester",C14H16O4,NIST17.L,39653.2172445942,9978.78047561712,Sample,72100530
True,26.9052245859468,207,68002-20-0,2499,2494.64919492473,74.7133968584829,Hexa(methoxymethyl)melamine,C15H30N6O6,Tesla_Libary_2021_01_01.mslibrary.xml,133629.865137122,22345.7698164078,Sample,72100530
True,27.0304193069413,192,1000411-33-0,1627,2509.83075328216,56.0772810750348,1-[3-(Chloromethyl)phenyl]pyrazole,C10H9ClN2,NIST17.L,9562.74239082301,3126.996793324,Sample,72100530
True,27.0948193797277,256,439-14-5,,2517.64013578217,66.5162059938901,Diazepam                         @ P1393,C16H13ClN2O,PMW_TOX2.L,331878.00218993,20444.1907622773,Sample,72100530
True,27.0978205424538,282.999969482422,1000295-04-7,2479,2518.00406747758,65.6456692969478,"(5-Methyl-2-thioxo-2H-[1,2,4]triazolo[1,5-a]pyridin-3-yl)-m-tolyl-methanone",C15H13N3OS,NIST17.L,61408.0850534192,18840.3736919563,Sample,72100530
True,27.151010497418,105,58422-77-8,2502,2524.45407111113,52.6168948102611,"Ethaneperoxoic acid, 1-cyano-1,4-diphenylpentyl ester",C20H21NO3,NIST17.L,11243.8801083461,6122.13454174822,Sample,72100530
True,27.3778147777507,190,19835-31-5,1847,2551.95716701033,52.0580424997037,"Thiazolo[5,4-d]pyrimidine, 5-amino-2-(methylthio)-",C6H6N4S2,NIST17.L,44144.8685292789,9996.80427770989,Sample,72100530
True,27.4168442869622,277,791-28-6,2561,2556.69002449066,83.7658622491773,Triphenylphosphine oxide,C18H15OP,Tesla_Libary_2021_01_01.mslibrary.xml,433693.537363799,169378.724663565,Sample,72100530
True,27.4271440918772,182,1000422-88-0,1659,2557.93901556747,58.9293636749631,"2,5-Dihydroxy-4-methoxyacetophenone",C9H10O4,NIST17.L,137525.819887282,2328.63387814141,Sample,72100530
True,27.4278069795672,149,1000377-97-3,2575,2558.01939969287,81.6863168431015,"Phthalic acid, di(6-methylhept-2-yl) ester",C24H38O4,Tesla_Libary_2021_01_01.mslibrary.xml,599576.131044942,275867.465966424,Sample,72100530
True,27.4876752624016,277,791-28-6,2561,2565.2792411813,56.8697520389418,Triphenylphosphine oxide,C18H15OP,Tesla_Libary_2021_01_01.mslibrary.xml,293252.803029641,187624.555480565,Sample,72100530
True,27.5112130238644,221,37148-65-5,2084,2568.13351408045,58.8137508081902,"3,4-Dihydroxymandelic acid, 4TMS derivative",C20H40O5Si4,NIST17.L,70838.6569072929,15745.7273876346,Sample,72100530
True,27.5331840261307,71.0999984741211,2396-74-9,1364,2570.79779617179,68.4985858264351,"2H-Pyran-2,3-diol, tetrahydro-, diacetate, cis-",C9H14O5,NIST17.L,100351.800820862,27328.997727016,Sample,72100530
True,27.5670334051789,280,215-64-5,2749,2574.9024925943,54.1517477200473,"Dibenzo[a,c]phenazine",C20H12N2,NIST17.L,10280.4823322768,8135.04159195081,Sample,72100530
True,27.6012672069677,123,1000306-89-3,1871,2579.05380548933,61.2622196559317,"Pentanamide, N-(4-methoxyphenyl)-",C12H17NO2,NIST17.L,142928.810082774,47114.158788574,Sample,72100530
True,27.6406849999842,97,1000300-74-1,1621,2583.8337476486,55.3095964577673,(Tetrahydro-furan-2-ylmethyl)-thiophen-2-ylmethyl-amine,C10H15NOS,NIST17.L,336947.527018569,75573.6922790145,Sample,72100530
True,27.6481272562943,59,3322-62-1,2334,2584.73622219054,62.8389383284179,9-Octadecenamide,C18H35NO,NIST17.L,2777228.37567546,99317.242099101,Sample,72100530
True,27.6495448925362,55.0999984741211,16858-16-5,1476,2584.90812981704,60.4849611992083,"4(1H)-Pyrimidinone, 6-methyl-2-propyl-",C8H12N2O,NIST17.L,254077.752313487,72649.4050705112,Sample,72100530
True,27.7606642940294,57,4390-04-9,1322,2598.38286473405,61.5771109246058,"Nonane, 2,2,4,4,6,8,8-heptamethyl-",C16H34,NIST17.L,180117.710377334,41777.329728124,Sample,72100530
True,27.7607285798981,57.0999984741211,593-45-3,,2598.39066026776,62.0518144010589,Octadecane                         P1197,C18H38,PMW_TOX2.L,142113.993722287,41777.329728124,Sample,72100530
True,27.7709003649225,98,10324-58-0,1230,2599.62412719608,63.9556257122497,"Piperidine, 1-pentyl-",C10H21N,NIST17.L,28309.9276342026,5550.70428957247,Sample,72100530
True,27.7986800117453,59,110-80-5,708,2603.2145896119,51.7585114939126,"Ethanol, 2-ethoxy-",C4H10O2,NIST17.L,100832.888862946,43558.1115956801,Sample,72100530
True,27.883311319719,91.0999984741211,1000402-62-0,2974,2614.23787948147,53.4149324634033,"lysine, N6-[(phenylmethoxy)carbonyl]-, phenylmethyl ester",C21H26N2O4,NIST17.L,60601.7158097225,25738.0930195313,Sample,72100530
True,28.0380467807099,155,62338-13-0,1165,2634.39228664408,50.3369804329804,"Decane, 3,3,5-trimethyl-",C13H28,NIST17.L,79780.861482079,6765.29841845698,Sample,72100530
True,28.2481744490327,167,87345-52-6,1708,2661.76156939534,52.3667927461348,Homosyringaldehyde,C10H12O4,NIST17.L,58579.0632111316,26351.9912126469,Sample,72100530
True,28.6094724764264,147,37148-65-5,2084,2708.82090217211,56.6027499705897,"3,4-Dihydroxymandelic acid, 4TMS derivative",C20H40O5Si4,NIST17.L,76567.6974900194,18084.8934101561,Sample,72100530
True,29.3032640464931,233,1000317-62-7,3093,2799.18776248689,60.4769341682391,(3-Methoxy-phenyl)-(6-methyl-4-phenyl-quinazolin-2-yl)-amine,C22H19N3O,NIST17.L,34700.7002738813,6242.10940295419,Sample,72100530
True,29.3355830391989,266.100006103516,1000346-57-3,2148,2803.39733496566,61.5019075111835,"L-Valine, N-(2,5-ditrifluoromethylbenzoyl)-, heptyl ester",C21H27F6NO3,NIST17.L,10149.0239844583,3942.22380898508,Sample,72100530
True,29.3810748381812,59,111-15-9,907,2809.32267511315,54.2843297192494,2-Ethoxyethyl acetate,C6H12O3,NIST17.L,344853.595492507,152806.559251525,Sample,72100530
True,29.4611303981965,252.100006103516,1499-10-1,3066,2819.74997045867,50.3568833903418,"Anthracene, 9,10-diphenyl-",C26H18,NIST17.L,23294.651734096,2678.16850334356,Sample,72100530
True,29.5000828559843,248,1000281-59-2,2405,2824.82355662446,57.1035447996941,"5-Ethyl-5-(4-acetoxyphenyl)-hexahydropyrimidin-2,4,6-trione",C14H14N2O5,NIST17.L,18383.1714758662,22184.5078069596,Sample,72100530
True,29.5003012579624,254.100006103516,7553-56-2,,2824.85200364213,59.7875277274209,Iodine,I2,SWGDRUG.L,12056.6372073001,6160.74248022467,Sample,72100530
True,29.5784564219693,69,111-02-4,2832,2835.03177101522,69.7629517246483,(E)-Squalene,C30H50,Tesla_Libary_2021_01_01.mslibrary.xml,812575.964806194,125703.163389264,Sample,72100530
